gradatum	4
gradatum-acl-auth	113
gradatum-acl-policy	24
gradatum-admin	1
gradatum-auth	88
gradatum-cache	33
gradatum-chat	357
gradatum-core	1906
gradatum-curator	241
gradatum-db-sqlite	85
gradatum-distill	35
gradatum-dto	510
gradatum-embed	190
gradatum-engine	163
gradatum-gateway	1
gradatum-index	623
gradatum-ingest	23
gradatum-markdown	21
gradatum-queue	85
gradatum-search	150
gradatum-server	2
gradatum-storage	91
gradatum-studio	1
gradatum-vault	270
gradatum-warden	76
gradatum-worker	1
TOTAL	5094
CRATES	26
